<?xml version="1.0" encoding="utf-8" standalone="yes"?><rss version="2.0" xmlns:atom="http://www.w3.org/2005/Atom"><channel><title>Tags on Vorstellung</title><link>/de/tags/</link><description>Recent content in Tags on Vorstellung</description><generator>Hugo -- gohugo.io</generator><language>de</language><lastBuildDate>Mon, 13 Nov 2017 11:58:39 -0500</lastBuildDate><atom:link href="/de/tags/index.xml" rel="self" type="application/rss+xml"/><item><title>ipsum</title><link>/de/tags/ipsum/</link><pubDate>Mon, 13 Nov 2017 11:58:39 -0500</pubDate><guid>/de/tags/ipsum/</guid><description/></item><item><title>words</title><link>/de/tags/words/</link><pubDate>Mon, 13 Nov 2017 11:58:39 -0500</pubDate><guid>/de/tags/words/</guid><description/></item><item><title>code</title><link>/de/tags/code/</link><pubDate>Mon, 06 Nov 2017 12:04:06 -0500</pubDate><guid>/de/tags/code/</guid><description/></item><item><title>coffee</title><link>/de/tags/coffee/</link><pubDate>Wed, 01 Nov 2017 12:04:16 -0500</pubDate><guid>/de/tags/coffee/</guid><description/></item><item><title>images</title><link>/de/tags/images/</link><pubDate>Wed, 01 Nov 2017 12:04:16 -0500</pubDate><guid>/de/tags/images/</guid><description/></item></channel></rss>