<?xml version="1.0" encoding="utf-8" standalone="yes"?><rss version="2.0" xmlns:atom="http://www.w3.org/2005/Atom"><channel><title>Vorstellung</title><link>/de/</link><description>Recent content on Vorstellung</description><generator>Hugo -- gohugo.io</generator><language>de</language><lastBuildDate>Mon, 13 Nov 2017 11:58:39 -0500</lastBuildDate><atom:link href="/de/index.xml" rel="self" type="application/rss+xml"/><item><title>Fotografie</title><link>/de/projects/photography/</link><pubDate>Mon, 01 Jan 0001 00:00:00 +0000</pubDate><guid>/de/projects/photography/</guid><description>Machmal nehme ich Bilder auf Dieses Projekt ist über die Bilder, die ich aufnehme. Machmal sind das Bilder von Katzen.</description></item><item><title>Design</title><link>/de/projects/design/</link><pubDate>Mon, 01 Jan 0001 00:00:00 +0000</pubDate><guid>/de/projects/design/</guid><description>Dieses Theme wurde von Victoria Drake entwickelt. Guck es dir an! 💪
Wenn du es für deine Webseite verwenden willst, guck dir den Abschnitt unten auf der Hauptseite an. 👍</description></item><item><title>Schreiben</title><link>/de/projects/writing/</link><pubDate>Mon, 01 Jan 0001 00:00:00 +0000</pubDate><guid>/de/projects/writing/</guid><description>Aromatic aroma con panna, crema so coffee robust coffee barista, café au lait trifecta that strong blue mountain cortado aftertaste. Aroma extraction french press, skinny sweet, blue mountain cup roast barista, beans, extra cappuccino mug crema strong.
To go viennese cream to go, flavour, so mocha as, carajillo iced et a siphon froth. Aged, eu, cup, brewed aroma kopi-luwak, coffee, id viennese french press brewed grounds acerbic froth. Decaffeinated acerbic, spoon beans seasonal, french press café au lait mazagran roast chicory, pumpkin spice galão as fair trade, dark irish cup ristretto half and half whipped shop.</description></item><item><title>Hipster Ipsum</title><link>/de/blog/hipster-ipsum/</link><pubDate>Mon, 13 Nov 2017 11:58:39 -0500</pubDate><guid>/de/blog/hipster-ipsum/</guid><description>Occupy mlkshk kale chips woke, listicle locavore next level fingerstache glossier aesthetic man braid before they sold out kitsch prism. Cred copper mug freegan, flannel YOLO single-origin coffee skateboard artisan four loko church-key man bun. Synth literally gastropub, kombucha chillwave helvetica offal truffaut church-key freegan pop-up gentrify narwhal. Kombucha viral vexillologist green juice. Slow-carb hoodie mumblecore tumeric tattooed meditation, lo-fi fap cred affogato forage whatever austin. Shabby chic direct trade migas, brunch gochujang sriracha chambray fanny pack 8-bit mustache letterpress.</description></item><item><title>Startup Ipsum</title><link>/de/blog/startup-ipsum/</link><pubDate>Mon, 06 Nov 2017 12:04:06 -0500</pubDate><guid>/de/blog/startup-ipsum/</guid><description>SpaceTeam affordances quantitative vs. qualitative SpaceTeam physical computing earned media thinker-maker-doer pair programming. Bootstrapping pitch deck physical computing driven cortado human-centered design innovate human-centered design driven. Grok pitch deck fund pitch deck sticky note affordances minimum viable product integrate paradigm viral iterate. Driven fund thought leader personas workflow SpaceTeam viral pair programming physical computing intuitive 360 campaign latte bootstrapping minimum viable product. Bootstrapping physical computing responsive pitch deck SpaceTeam parallax long shadow pitch deck bootstrapping ideate.</description></item><item><title>Kaffee Ipsum</title><link>/de/blog/coffee-ipsum/</link><pubDate>Wed, 01 Nov 2017 12:04:16 -0500</pubDate><guid>/de/blog/coffee-ipsum/</guid><description>Aromatic aroma con panna, crema so coffee robust coffee barista, café au lait trifecta that strong blue mountain cortado aftertaste. Aroma extraction french press, skinny sweet, blue mountain cup roast barista, beans, extra cappuccino mug crema strong. Americano caffeine white, con panna saucer sit, con panna eu, carajillo aftertaste kopi-luwak, body aftertaste cup single origin café au lait saucer. Macchiato java sweet arabica, turkish cup, eu flavour mug extraction white cortado saucer est white brewed instant, rich, barista breve cappuccino barista organic.</description></item></channel></rss>