<?xml version="1.0" encoding="utf-8" standalone="yes"?><rss version="2.0" xmlns:atom="http://www.w3.org/2005/Atom"><channel><title>images on Vorstellung</title><link>/de/tags/images/</link><description>Recent content in images on Vorstellung</description><generator>Hugo -- gohugo.io</generator><language>de</language><lastBuildDate>Wed, 01 Nov 2017 12:04:16 -0500</lastBuildDate><atom:link href="/de/tags/images/index.xml" rel="self" type="application/rss+xml"/><item><title>Kaffee Ipsum</title><link>/de/blog/coffee-ipsum/</link><pubDate>Wed, 01 Nov 2017 12:04:16 -0500</pubDate><guid>/de/blog/coffee-ipsum/</guid><description>Aromatic aroma con panna, crema so coffee robust coffee barista, café au lait trifecta that strong blue mountain cortado aftertaste. Aroma extraction french press, skinny sweet, blue mountain cup roast barista, beans, extra cappuccino mug crema strong. Americano caffeine white, con panna saucer sit, con panna eu, carajillo aftertaste kopi-luwak, body aftertaste cup single origin café au lait saucer. Macchiato java sweet arabica, turkish cup, eu flavour mug extraction white cortado saucer est white brewed instant, rich, barista breve cappuccino barista organic.</description></item></channel></rss>