<?xml version="1.0" encoding="utf-8" standalone="yes"?><rss version="2.0" xmlns:atom="http://www.w3.org/2005/Atom"><channel><title>code on Introduction</title><link>/tags/code/</link><description>Recent content in code on Introduction</description><generator>Hugo -- gohugo.io</generator><language>en-us</language><lastBuildDate>Mon, 06 Nov 2017 12:04:06 -0500</lastBuildDate><atom:link href="/tags/code/index.xml" rel="self" type="application/rss+xml"/><item><title>Startup Ipsum</title><link>/blog/startup-ipsum/</link><pubDate>Mon, 06 Nov 2017 12:04:06 -0500</pubDate><guid>/blog/startup-ipsum/</guid><description>SpaceTeam affordances quantitative vs. qualitative SpaceTeam physical computing earned media thinker-maker-doer pair programming. Bootstrapping pitch deck physical computing driven cortado human-centered design innovate human-centered design driven. Grok pitch deck fund pitch deck sticky note affordances minimum viable product integrate paradigm viral iterate. Driven fund thought leader personas workflow SpaceTeam viral pair programming physical computing intuitive 360 campaign latte bootstrapping minimum viable product. Bootstrapping physical computing responsive pitch deck SpaceTeam parallax long shadow pitch deck bootstrapping ideate.</description></item></channel></rss>