<?xml version="1.0" encoding="utf-8" standalone="yes"?><rss version="2.0" xmlns:atom="http://www.w3.org/2005/Atom"><channel><title>Proyectos on Introducción</title><link>/es/projects/</link><description>Recent content in Proyectos on Introducción</description><generator>Hugo -- gohugo.io</generator><language>es</language><atom:link href="/es/projects/index.xml" rel="self" type="application/rss+xml"/><item><title>Fotografía</title><link>/es/projects/photography/</link><pubDate>Mon, 01 Jan 0001 00:00:00 +0000</pubDate><guid>/es/projects/photography/</guid><description>A veces tomo fotografías Este proyecto es sobre fotografías que tomo. A veces, son fotos de gatos.</description></item><item><title>Diseño</title><link>/es/projects/design/</link><pubDate>Mon, 01 Jan 0001 00:00:00 +0000</pubDate><guid>/es/projects/design/</guid><description>Este tema fue diseñado por Victoria Drake. Ve, explora! 💪
Si deseas usarlo en tu sitio web, revisa la sección al final de la página principal. 👍</description></item><item><title>Escribiendo</title><link>/es/projects/writing/</link><pubDate>Mon, 01 Jan 0001 00:00:00 +0000</pubDate><guid>/es/projects/writing/</guid><description>Aromatic aroma con panna, crema so coffee robust coffee barista, café au lait trifecta that strong blue mountain cortado aftertaste. Aroma extraction french press, skinny sweet, blue mountain cup roast barista, beans, extra cappuccino mug crema strong.
To go viennese cream to go, flavour, so mocha as, carajillo iced et a siphon froth. Aged, eu, cup, brewed aroma kopi-luwak, coffee, id viennese french press brewed grounds acerbic froth. Decaffeinated acerbic, spoon beans seasonal, french press café au lait mazagran roast chicory, pumpkin spice galão as fair trade, dark irish cup ristretto half and half whipped shop.</description></item></channel></rss>